{
  "project_info": {
    "project_number": "156172578163",
    "firebase_url": "https://myreddit-1356f.firebaseio.com",
    "project_id": "myreddit-1356f",
    "storage_bucket": "myreddit-1356f.appspot.com"
  },
  "client": [
    {
      "client_info": {
        "mobilesdk_app_id": "1:156172578163:android:73a6b6493dcf025a",
        "android_client_info": {
          "package_name": "com.pradeep.myreddit"
        }
      },
      "oauth_client": [
        {
          "client_id": "156172578163-tompnvaoquncfsi82bo5v358ii0fr2rh.apps.googleusercontent.com",
          "client_type": 3
        }
      ],
      "api_key": [
        {
          "current_key": "AIzaSyDUU96Uwu7JPPQNz6A7z4hF7QqeegOWUYA"
        }
      ],
      "services": {
        "analytics_service": {
          "status": 1
        },
        "appinvite_service": {
          "status": 1,
          "other_platform_oauth_client": []
        },
        "ads_service": {
          "status": 2
        }
      }
    }
  ],
  "configuration_version": "1"
}